original_index,problem,answer,topic,answer_type,multi_step,requires_reasoning,urls
23,On which U.S. TV station did the Canadian reality series *To Serve and Protect* debut?,KVOS-TV,TV shows,Other,False,False,"https://en.wikipedia.org/wiki/To_Serve_and_Protect,https://play.google.com/store/tv/show/To_Serve_and_Protect?id=2D702407ED20EE6ASH&hl=ur&gl=US&pli=1,https://en.wikipedia.org/wiki/KVOS-TV"
79,Who replaced Bradie Tennell in the 2021 Skate America?,Starr Andrews,Sports,Person,False,False,"https://en.wikipedia.org/wiki/Starr_Andrews,https://www.usfigureskating.org/news/press-release/starr-andrews-added-2021-guaranteed-rate-skate-america"
83,"According to Henry Scadding, author of ""Toronto of Old,"" how many people died on the HMS Ontario in 1780?",172 (acceptable range: anything between 170 and 174),History,Number,False,False,"https://archive.org/details/historyoftoronto01mulvuoft/page/217/mode/1up,https://www.gutenberg.ca/ebooks/scadding-torontoofold/scadding-torontoofold-00-h-dir/scadding-torontoofold-00-h.html"
104,How many houses did the village of Bure Nangal in Batala have according to the 2011 Census of India?,211 (acceptable range: anything between 208 and 214),Geography,Number,False,False,"https://www.census2011.co.in/data/village/28649-bure-nangal-punjab.html,https://villageinfo.in/punjab/gurdaspur/batala/bure-nangal.html,https://en.wikipedia.org/wiki/Bure_Nangal"
131,Which All India Rank (AIR) did Arvind Kejriwal achieve in 1985?,563,Politics,Number,False,False,"https://en.wikipedia.org/wiki/Arvind_Kejriwal,https://www.jagranjosh.com/general-knowledge/arvind-kejriwal-1581082470-1"
185,In which year did Maharaj Kishan Bhan (an Indian pediatrician and clinical scientist) receive the Padma Bhushan for civil services?,2013,Politics,Date,False,False,"https://en.wikipedia.org/wiki/Maharaj_Kishan_Bhan,https://sas.org.in/our-mentors/,https://pib.gov.in/newsite/PrintRelease.aspx?relid=91838"
202,What is the name of the sole survivor of the Saha Airlines 2019 Boeing 707 crash?,Farshad Mahdavinejad,Other,Person,False,False,"https://en.wikipedia.org/wiki/List_of_sole_survivors_of_aviation_accidents_and_incidents,https://en.trend.az/iran/3005183.html,https://en.wikipedia.org/wiki/2019_Saha_Airlines_Boeing_707_crash"
297,Which one of the 1990 Fly Girls from the series In Living Color stayed for five seasons?,Deidre Lang,TV shows,Person,False,False,"https://en.wikipedia.org/wiki/List_of_In_Living_Color_cast_members,https://www.listal.com/deidre-lang"
333,"What was the name of the man who served as Reeve of North Red Deer, Alberta, between 1924 and 1925?",A.M. Donnelly.,History,Person,False,False,"https://www.reddeer.ca/city-government/mayor-and-city-councillors/past-mayor-and-councillors/past-mayors/,https://www.google.com/books/edition/Canadian_Almanac_Directory/LSfZAAAAMAAJ?hl=en&gbpv=1&dq=%22North%20Red%20Deer%22%20%22A.M.%20Donnelly%22&pg=PA327&printsec=frontcover,https://reddeer.ca/city-government/mayor-and-city-councillors/past-mayor-and-councillors/past-mayors/,https://www.google.com/books/edition/Municipal_Canada/k6XlAAAAMAAJ?hl=en&gbpv=1&dq=%22North%20Red%20Deer%22%20%22A.M.%20Donnelly%22&pg=PA32&printsec=frontcover"
336,"Which architect was tasked with finishing the chapel in the newly built Papal apartment when its construction remained incomplete after Pope Paul IV moved in, in October 1556?",Pirro Ligorio,Art,Person,False,False,"https://library.brown.edu/projects/rome/people/0139/,https://en.wikipedia.org/wiki/Pirro_Ligorio"
365,"In which month and year did ""Flying"" magazine publish ""Battling the Big Lie: John King's Crusade to Change Aviation's Culture""?",March 2001,Other,Date,False,False,"https://commons.erau.edu/cgi/viewcontent.cgi?article=1567&context=jaaer,https://web.archive.org/web/20180720134510id_/https://commons.erau.edu/cgi/viewcontent.cgi?article=1567&context=jaaer,https://en.wikipedia.org/wiki/King_Schools"
395,"What two football teams were mentioned in the libel case against ""The Saturday Evening Post"" in 1963?",University of Georgia and University of Alabama,Sports,Other,False,False,"https://en.wikipedia.org/wiki/Curtis_Publishing_Co._v._Butts,https://en.wikipedia.org/wiki/The_Saturday_Evening_Post,https://www.oyez.org/cases/1966/37,https://www.saturdayeveningpost.com/2013/03/curtis-publishing-butts/"
397,"Which city in Nepal is known as the ""City of Nine Hills?""",Nuwakot,Geography,Place,False,False,"https://en.wikipedia.org/wiki/Nuwakot_District,https://nepaltraveller.com/sidetrack/nuwakot-the-city-of-nine-hills,https://en.wikipedia.org/wiki/Nuwakot"
432,"Le Chatelier's thermoelectric pyrometer, as discussed in the 1900 report ""Clays of New York, Their Properties and Uses,"" was considered accurate within how many degrees Fahrenheit?",10 (acceptable range: anything between 9 and 11 degrees Fahrenheit),Science and technology,Number,True,False,"https://www.google.com/books/edition/Clays_of_New_York/GygZAAAAYAAJ?hl=en&gbpv=1&bsq=thermoelectric%20pyrometer,https://nysl.ptfs.com/aw-server/rest/product/purl/NYSL/s/798ba2cb-27ae-4093-889c-926799428dc1"
448,What years was Antonio de Padua María Severino López de Santa Anna y Pérez de Lebrón vice president?,1837 to 1839,Politics,Date,False,False,"https://en.wikipedia.org/wiki/Antonio_L%C3%B3pez_de_Santa_Anna,https://pantheon.world/profile/person/Antonio_L%C3%B3pez_de_Santa_Anna,https://www.geni.com/people/Antonio-L%C3%B3pez-de-Santa-Anna/6000000092355998834"
452,"Which newspaper did György Lukács write, ""The possession of the power of the state is also a moment for the destruction of the oppressing classes. A moment we have to use""?",Népszava,Politics,Other,False,False,"https://kids.kiddle.co/Gy%C3%B6rgy_Luk%C3%A1cs,https://en.wikipedia.org/wiki/Gy%C3%B6rgy_Luk%C3%A1cs,https://alchetron.com/Gy%C3%B6rgy-Luk%C3%A1cs"
488,What was the name of the choir that performed at the 2019 Cape Town International Jazz Festival?,Soweto Gospel Choir,Music,Other,False,False,"https://www.jambase.com/festival/cape-town-international-jazz-festival-2019,https://www.google.com/search?q=2019+cape+town+international+jazz+festival&rlz=1C1CHBF_enZA1105ZA1105&gs_lcrp=EgZjaHJvbWUqBwgAEAAYgAQyBwgAEAAYgAQyBggBEEUYOdIBCTE2NzE4ajBqN6gCALACAA&sourceid=chrome&ie=UTF-8&si=ACC90nwLLwns5sISZcdzuISy7t-NHozt8Cbt6G3WNQfC9ekAgIOVZh02_FcNax7v3ZPVmKW7oP-4a7wznIL2MSMXCUjEzVNOTz09fz5SDnVrsyM8Ig8z1dFSz8GnVql9ypDjitW-M-tCU3j3tRr0ZLC_F4H3wxHgqQ%3D%3D&ictx=1&ved=2ahUKEwjx5YHZwYqGAxXmSfEDHW37DbkQyNoBKAB6BAgREAA,https://uct.ac.za/radio/articles/2019-04-01-cape-town-international-jazz-festival-2019,https://www.capetownjazzfest.com/artists/"
547,What was the title of chemist Mary Letitia Caldwell's Ph.D. thesis?,An experimental study of certain basic amino acids,Science and technology,Other,False,False,"https://en.wikipedia.org/wiki/Mary_Letitia_Caldwella,https://archive.org/details/experimentalstud00caldrich,https://en.wikipedia.org/wiki/Mary_Letitia_Caldwell,https://books.google.co.in/books/about/An_Experimental_Study_of_Certain_Basic_A.html?id=0rFAAAAAYAAJ&redir_esc=y"
618,In which year of the Olympics did Seiko become the Official Timer?,1964,Sports,Date,False,False,"https://www.europastar.com/the-watch-files/watchmaking-in-japan/1004089786-sports-timekeeping.html,https://www.grand-seiko.com/benelux-en/special/10stories/vol9/1,https://www.seiko.co.jp/en/sports_music/sports/history/,https://www.seikowatches.com/us-en/special/heritage/"
711,The first clock installed outside of the family farm of Alberto Olvera Hernández was for the Santiago Apostol Church in which small town in Mexico?,Chignahuapan,Geography,Place,False,False,"https://en.wikipedia.org/wiki/Relojes_Centenario,https://alchetron.com/Relojes-Centenario"
744,What is the maximum depth of the Mediterranean Sea in meters?,5109 m (acceptable range: anything between 5057 and 5161 m),Geography,Number,False,False,"https://blitztest.com/geography/seas/mediterranean-sea,https://en.wikipedia.org/wiki/Calypso_Deep,https://en.wikipedia.org/wiki/Mediterranean_Sea"
751,What is the name of the drug previously known to treat bacterial infections that Dr. William Schwartz discovered also acts as a diuretic in people with congestive heart failure?,Sulfanilamide (also know as para-aminobenzenesulfonamide),Science and technology,Other,True,False,"https://www.heart.org/-/media/files/about-us/history/history-of-the-american-heart-association.pdf,https://www.medinfo.co.nz/doc/newsletter%20June%2008.pdf,https://en.wikipedia.org/wiki/William_Schwartz_(physician)"
880,What is the wheelbase of the 1969 Honda CL125 in millimeters?,1270 mm (acceptable range: anything between 1257 and 1283 mm),Science and technology,Number,False,False,"https://www.motorbikecatalog.com/make/honda/cl125/cl125/1969.html,https://4-stroke.net/815-honda/honda-cl125/information.html,https://en.wikipedia.org/wiki/Honda_CL125"
914,In what year did Swiss painter Benjamin Samuel Bolomey become a pupil of Joseph-Marie Vien?,1758,Art,Date,False,False,"https://artvee.com/artist/benjamin-samuel-bolomey/,https://en.wikipedia.org/wiki/Benjamin_Samuel_Bolomey"
970,"What was the magnitude of the solar eclipse that occurred on June 21, 2001?",1.0495 (acceptable range: anything between 1.04 and 1.06),Science and technology,Number,False,False,"https://en.wikipedia.org/wiki/Solar_eclipse_of_June_21,https://www.astron-soc.in/bulletin/asics_vol010/137-prabhakar.pdf,https://eclipse.gsfc.nasa.gov/SEpubs/20010621/TP209484.pdf"
1010,How many total lunar eclipses were there in 1982?,3,Science and technology,Number,False,False,"https://en.wikipedia.org/wiki/July_1982_lunar_eclipse,https://en.wikipedia.org/wiki/January_1982_lunar_eclipse,https://eclipse.gsfc.nasa.gov/LEdecade/LEdecade1981.html,https://www.eclipsewise.com/lunar/LEdecade/LEdecade1981.html"
1018,"On what day, month, and year did the first Bennett Cup auto race, for a prize sponsored by New York Herald publisher James Gordon Bennett Jr., begin as five entrants departed from the Parc de Saint-Cloud, near Paris, on a 566-kilometer (352 miles) trip to Lyon?","June 14, 1900",Sports,Date,False,False,"https://www.fai.org/gordonbennett-history,https://en.wikipedia.org/wiki/June_1900,https://en.wikipedia.org/wiki/1900_Gordon_Bennett_Cup,https://en.wikipedia.org/wiki/Gordon_Bennett_Cup_(auto_racing)"
1025,From which university did Raissa M. D'Souza complete her B.S. in physics?,University of Illinois at Urbana–Champaign.,Other,Other,False,False,"https://mae.ucdavis.edu/news/raissa-dsouza-appointed-lead-editor-physical-review-research,https://engineering.ucdavis.edu/people/raissa-dsouza,https://en.wikipedia.org/wiki/Raissa_D%27Souza"
1039,Cylindrovertilla kingi is endemic to which country?,Australia,Geography,Place,False,False,"https://ia600208.us.archive.org/14/items/1994iucnredlisto94groo/1994iucnredlisto94groo.pdf,https://en.wikipedia.org/wiki/Cylindrovertilla_kingi,https://www.iucnredlist.org/species/6066/12381943"
1049,"What day, month, and year did the original ActRaiser soundtrack come out in Japan?","January 25, 1991",Music,Date,False,False,"https://vgmdb.net/album/120,https://en.wikipedia.org/wiki/ActRaiser"
1060,"What was the strike rate of Manish Pandey in the 2019 IPL match between KKR and SRH on March 24, 2019?",160 (acceptable range: anything between 158 and 162),Sports,Number,False,False,"https://m.cricbuzz.com/live-cricket-scorecard/22397/kkr-vs-srh-2nd-match-indian-premier-league-2019,https://sports.ndtv.com/cricket/kkr-vs-srh-scorecard-live-cricket-score-ipl-2019-match-2-krsh03242019189311,https://www.cricbuzz.com/live-cricket-scorecard/22397/kkr-vs-srh-2nd-match-indian-premier-league-2019,https://www.espncricinfo.com/series/ipl-2019-1165643/kolkata-knight-riders-vs-sunrisers-hyderabad-2nd-match-1175357/full-scorecard"
1095,"What was the former name of the Shastri Nagar Metro Station of the Delhi Metro in Delhi, India?",Vivekanandapuri,Geography,Place,False,False,"https://timesofindia.indiatimes.com/city/delhi/metro-rail-suffers-from-identity-crisis/articleshow/590303.cms,https://en.wikipedia.org/wiki/Shastri_Nagar_metro_station,https://metrostationshub.com/shastri-nagar/"
1181,In the spring of which year did Henry Martin Nevius join the law office of future U.S. Secretary of War Russell A. Alger?,1861,History,Date,False,False,"https://en.wikipedia.org/wiki/Henry_M._Nevius,https://www.omsa.org/files/jomsa_arch/Splits/2004/288252_JOMSA_Vol55_4_40.pdf,https://books.google.com/books?id=i98SAAAAYAAJ&pg=PA328&lpg=PA328&dq=henry+nevius+law+office+alger+1861&source=bl&ots=R1Bbg7R7aj&sig=ACfU3U0QFOewqUs2KdInz2vR8uajwdBgVQ&hl=en&sa=X&ved=2ahUKEwjcqp_Th4uHAxVUMlkFHYEIDjMQ6AF6BAgiEAM"
1225,Who originally recorded the scientific name of the white-headed duck as *Anas leucocephala* in 1769?,Giovanni Antonio Scopoli,Science and technology,Person,False,False,"https://avibase.bsc-eoc.org/author.jsp?id=2711,https://en.wikipedia.org/wiki/White-headed_duck"
1232,"What was the population of Konaruiyeh, a village in Esfandaqeh Rural District, in the Central District of Jiroft County, Kerman Province, Iran, at the 2006 census?",219 (acceptable range: anything between 216 and 222),Geography,Number,False,False,"https://en.wikipedia.org/wiki/Konaruiyeh,https://en.dev.wikipedia-on-ipfs.org/wiki/Konaruiyeh"
1290,"Who crowned Reita Faria, the winner of Miss World 1966?",Lesley Langley,Other,Person,False,True,"https://en.wikipedia.org/wiki/Lesley_Langley,https://en.wikipedia.org/wiki/Miss_World_1965,https://en.wikipedia.org/wiki/Miss_World"
1297,Who won the Chilean National Prize for Exact Sciences in 2019?,Dora Altbir,Science and technology,Person,False,False,"https://en.wikipedia.org/wiki/National_Prize_for_Exact_Sciences_(Chile),https://www.imago-images.de/st/0093113215,https://en.wikipedia.org/wiki/Dora_Altbir,https://cedenna.cl/index.php/en/node/791"
1517,"Which Aseprite version had the patch note: ""Added option to enable the 'Snap to Grid' option for the brush preview #4137""?",v1.3-rc8,Video games,Other,False,False,"https://www.aseprite.org/release-notes/,https://github.com/aseprite/aseprite/compare/v1.3-rc7...v1.3-rc8"
1542,What is the third ionization energy of molybdenum in kilojoules per mole?,2618 (acceptable range: anything between 2591 and 2645),Science and technology,Number,False,False,"https://www.webelements.com/molybdenum/,https://en.wikipedia.org/wiki/Molybdenum,https://www.periodni.com/mo.html,https://en.wikipedia.org/wiki/Molar_ionization_energies_of_the_elements"
1587,Name the largest doab in India.,Ganges-Yamuna Doab,Geography,Place,False,False,"https://rashidfaridi.com/2019/12/22/doabs-of-india/,https://en.wikipedia.org/wiki/Doab,https://www.britannica.com/place/Ganges-Yamuna-Doab"
1640,"Which public relations expert of the Houston Chronicle made the statement ""There was never a question in anyone’s mind as to who was really running things when Ma was governor""?",Patricia Bernstein,Politics,Person,False,False,"https://en.wikipedia.org/wiki/Miriam_A._Ferguson,https://www.houstonchronicle.com/opinion/outlook/article/Opinion-Congress-should-learn-from-Texas-15888732.php"
1653,What is the name of the world's first solid titanium watch?,Citizen X8 Titanium Chronometer,Science and technology,Other,False,False,"https://www.citizenwatch.com/us/en/technology-super-titanium.html,https://www.citizenwatch-global.com/technologies/super-titanium/index.html,https://www.horbiter.com/en/first-ever-titanium-watch-is-a-citizen/,https://monochrome-watches.com/first-titanium-watch-1970-citizen-50th-anniversary-titanium-technology-in-depth/"
1671,What was the final score between Olga Kharlan and Kim Ji-yeon at the 2013 World Championships?,Olga Kharlan - Kim Ji-yeon: 15–14,Sports,Other,False,False,"https://en.wikipedia.org/wiki/Olga_Kharlan,https://www.gettyimages.in/detail/news-photo/ukraines-olga-kharlan-fights-with-south-koreas-ji-yeon-kim-news-photo/175873383"
1688,What is the scientific name of the first reported sexually dichromatic snake from the Indian subcontinent?,Ahaetulla anomala,Science and technology,Other,False,False,"https://en.wikipedia.org/wiki/Ahaetulla_anomala,https://www.newindianexpress.com/states/odisha/2017/May/11/researchers-validate-indias-first-dichromatic-snake-species-1603571.html,https://reptile-database.reptarium.cz/species?genus=Ahaetulla&species=anomala"
1717,"How many people were killed when a tractor-trolley returning from a temple fell into a pond in Kanpur on October 2, 2022?",27,Other,Number,False,False,"https://www.newindianexpress.com/nation/2022/Oct/01/27devotees-returning-after-mundan-ceremony-killed-in-road-mishap-in-ups-kanpur-2503992.html,https://en.wikipedia.org/wiki/2022_Kanpur_road_accident,https://www.indiatoday.in/india/story/kanpur-road-accident-cm-yogi-meets-survivors-uttar-pradesh-2007448-2022-10-02,https://en.wikipedia.org/wiki/2022_in_India"
1738,What was the full birth name of American activist and writer Yolo Akili?,Michael Todd Robinson Jr.,Other,Person,False,False,"https://www.astro.com/astro-databank/Akili,https://www.famousbirthdays.com/people/yolo-akili.html,https://en.wikipedia.org/wiki/Yolo_Akili"
1740,Who did Richard Neutra design the Elkay Apartments for?,Louis Kievman,Art,Person,False,False,"https://usmodernist.org/neutra.htm,https://en.wikipedia.org/wiki/Elkay_Apartments"
1870,"In which year was the stool ""Nkosuostool"" (Development stool) created by Asantehene, Otumfuo Opoku Ware II?",1985,Art,Date,False,False,"https://en.wikipedia.org/wiki/Opoku_Ware_II,https://myinfo.com.gh/2022/07/statues-of-ghana-the-asantehene-who-maintained-a-good-relationship-between-acheampong-rawlings/"
1889,"Where did the Third Day song ""Nothing at All"" peak on the Billboard rock charts?",34,Music,Number,False,False,"https://en.wikipedia.org/wiki/Third_Day,https://pulsemusic.proboards.com/thread/182815/pulse-rankdown-1997-active-chart?page=7,https://www.racpro.com/song.php?sid=37971"
2001,What country placed 8th in the women's épée team event of the 2020 Tokyo Olympics?,ROC,Sports,Other,False,False,"https://academyoffencingmasters.com/blog/fencing-history-was-made-in-tokyo-2020/,https://olympics.com/en/athletes/aizanat-murtazaeva,https://en.wikipedia.org/wiki/Fencing_at_the_2020_Summer_Olympics_%E2%80%93_Women%27s_team_%C3%A9p%C3%A9e,https://olympics.com/en/olympic-games/tokyo-2020/results/fencing/women-s-epee-team"
2030,What was the full name of the first Prime Minister of the Democratic Republic of the Congo?,Patrice Émery Lumumba,Politics,Person,False,False,"https://en.wikipedia.org/wiki/Patrice_Lumumba,https://www.sahistory.org.za/people/patrice-emery-lumumba"
2067,How many individual plastic Fimir miniatures were included in the original HeroQuest Game System board game (not including expansions) released in North America in 1990?,3,Video games,Number,False,False,"https://boardgamegeek.com/wiki/page/HeroQuest_series,https://boardgamegeek.com/boardgame/699/heroquest,https://www.reddit.com/r/boardgames/comments/10e52d/heroquest_whats_in_a_fullcomplete_box/"
2283,For how many years did Mohamed Abdelaziz Djaït serve as the Mufti of the Republic of Tunisia?,3,Politics,Number,False,True,"https://en.wikipedia.org/wiki/Mohamed_Abdelaziz_Dja%C3%AFt,https://commons.wikimedia.org/wiki/Category:Mohamed_Abdelaziz_Djait"
2444,Which year was Leonard P. Zakim first involved in the reelection campaign of Michael Dukakis?,1978,Politics,Date,False,False,"https://en.wikipedia.org/wiki/Leonard_P._Zakim,http://learntoquestion.org/seevak/groups/2000/sites/zakim/MainDirect/framesets/f_life.html"
2484,"Three years after joining Comme des Garçons, Junya Watanabe started designing which CdG line?",Tricot line,Art,Other,True,True,"https://milenaolesinska77.medium.com/exposition-art-blog-art-fashion-junya-watanabe-5573f2dfe84c,https://www.showstudio.com/contributors/junya_watanabe,https://www.pirelli.com/global/en-ww/life/lifestyle/design/junya-watanabe-s-hymn-to-the-italian-man-52578/"
2522,"What were the month and year when Netflix announced official support for ChromeOS through its streaming service, allowing Chromebooks to watch streaming movies and TV shows via Netflix?",August 2011,Science and technology,Date,False,False,"https://www.coursehero.com/file/209878754/os-1docx/,https://en.wikipedia.org/wiki/ChromeOS,https://kids.kiddle.co/ChromeOS"
2551,"According to the last population update in 2010, the rural locality of Taz Russky in the Klyapovskoye Rural Settlement of Russia has a population of what?",175 (acceptable range: anything between 173 and 177),Geography,Number,False,False,"https://en.wikipedia.org/wiki/Taz_Russky,https://mapcarta.com/13313466"
2619,What are the notes of the bebop scale in Key A major?,"A, B, C♯, D, E, F (or E♯), F♯, G♯",Music,Other,False,False,"https://www.pianoscales.org/bebop.html,https://esvc006636.swp0002ssl.server-secure.com/scales/scabebop.htm,https://muted.io/major-bebop-scale/,https://pianowithjonny.com/piano-lessons/the-ultimate-guide-to-bebop-scales/"
2658,"On what date, month, and year was the Indian politician T. M. Selvaganapathy acquitted by the High Court in connection to the Pleasant Stay hotel case?",4 December 2001,Politics,Date,False,False,"https://en.wikipedia.org/wiki/T._M._Selvaganapathy,https://dbpedia.org/page/Pleasant_Stay_hotel_case,https://en.wikipedia.org/wiki/Pleasant_Stay_hotel_case"
2659,Which district did Mary Ann Arty serve in the Pennsylvania House of Representatives in 1981?,165,Politics,Number,False,False,"https://en.wikipedia.org/wiki/Mary_Ann_Arty,https://staffweb.wilkes.edu/harold.cox/legis/165H.pdf,https://archives.house.state.pa.us/people/member-biography?ID=465"
2709,Who preceded Eduardo Laurencena as President of the National Committee of the UCR?,Gabriel Oddone,Politics,Person,False,False,"https://en.wikipedia.org/wiki/Radical_Civic_Union,https://en-academic.com/dic.nsf/enwiki/231379"
2712,The Honeybee Conservancy founder Guillermo Fernandez was a child immigrant from which country?,Cuba,Other,Place,False,False,"https://www.midwestoutdoorsales.com/giving-back,https://thebeeconservancy.org/history-and-mission/,https://www.green-translations.com/advocacy/"
2793,In what year did Richard Diebenkorn begin teaching at the California College of Arts and Crafts?,1955,Art,Date,False,False,"https://diebenkorn.org/chronology/berkeley-abstraction/,https://en.wikipedia.org/wiki/Richard_Diebenkorn,https://www.britannica.com/biography/Richard-Diebenkorn"
2827,What TTRPG won the 2016 Indie RPG of the Year award?,Blades in the Dark,Other,Other,False,False,"https://www.indie-rpg-awards.com/2016/game_of_year.shtml,https://indie-rpg-awards.com/2016/game_of_year.shtml,https://johnharper.itch.io/blades-in-the-dark,https://en.wikipedia.org/wiki/Indie_RPG_Awards"
2851,On which year was China Zorrilla invested Chevalier des Arts et des Lettres?,2008,Art,Date,False,False,"https://en.wikipedia.org/wiki/China_Zorrilla,https://www.topcount.co/tv/people/362294/china-zorrilla"
2863,The 16th North East Region Commonwealth Parliamentary Association (NERCPA) conference started in which city?,IMPHAL,Politics,Place,False,False,"https://www.imphaltimes.com/news/lok-sabha-speaker-inaugurates-16th-nercpa-conference-at-imphal/,https://www.sentinelassam.com/news/speaker-to-iugurate-nercpa-conference-in-imphal,https://www.gktoday.in/question/the-16th-north-east-region-commonwealth-parliament,https://pothashang.in/2017/06/lok-sabha-speaker-inaugurate-16th-nercpa-conference-imphal/"
2923,In what year was Glipodes dietrichi described by Franciscolo?,1962,Science and technology,Date,False,False,"https://en.wikipedia.org/wiki/Glipodes_dietrichi,https://en.wikipedia.org/wiki/Glipodes,https://www.gbif.org/species/7003367"
2973,In what year did Etta Cone commission Henri Matisse to make a posthumous portrait of Claribel Cone?,1930,Art,Date,False,False,"https://www.moma.org/documents/moma_catalogue_2011_300299031.pdf,https://www.metmuseum.org/research-centers/leonard-a-lauder-research-center/research-resources/modern-art-index-project/cone"
3009,"From 1st January 2015 to 5th February 2019, how many hectares of forest land were diverted in Goa for non-forestry purposes under the Forest Conservation Act of 1980 (MoEF&CC, 2019)?",42.75 (acceptable range: anything between 42.32 and 43.18 hectares),Geography,Number,False,False,"https://www.heraldgoa.in/Goa/Tree-cover-in-State-reduces-by-50-sq-kms-in-2-yrs/155253,https://fsi.nic.in/isfr19/vol2/isfr-2019-vol-ii-goa.pdf"
3023,"What album is the song ""God Is Alive, Magic Is Afoot"" by Chris Thile on?",Laysongs,Music,Other,False,False,"https://www.nonesuch.com/journal/watch-chris-thile-performs-god-alive-magic-afoot-new-album-laysongs-2021-07-19,https://christhile.bandcamp.com/album/laysongs,https://www.christhile.com/about,https://13thfloor.co.nz/album-review-chris-thile-laysongs-nonesuch/"
3150,Who was the second president of the International Society for Soil Mechanics and Geotechnical Engineering?,A. W. Skempton,Science and technology,Person,False,False,"https://www.issmge.org/the-society/history,https://en.wikipedia.org/wiki/International_Society_for_Soil_Mechanics_and_Geotechnical_Engineering"
3171,Which grammar school did Diane Marie Disney attend before moving to Immaculate Heart High School?,Los Feliz Grammar School.,Other,Place,False,False,"https://oroagri.eu/FxE4Wt2tv,https://en.wikipedia.org/wiki/Diane_Disney_Miller,https://fikocrush.weebly.com/blog/diane-disney-miller"
3181,How many players on the Winnipeg Falcons hockey team died in WWI?,2,Sports,Number,False,False,"https://valourcanada.ca/military-history-library/winnipeg-falcons-champions/,https://en.wikipedia.org/wiki/Winnipeg_Falcons,https://parks.canada.ca/culture/designation/evenement-event/winnipeg-falcons,https://globalnews.ca/news/1659197/olympic-hockey-heroes-honoured-in-war-themed-heritage-minute/"
3212,What EP did Rosalía release in 2019?,Fucking Money Man,Music,Other,False,False,"https://en.wikipedia.org/wiki/Rosal%C3%ADa_discography,https://www.thecouchsessions.com/articles/music/rosalia-ups-the-ante-with-fucking-money-man-ep,https://www.europafm.com/noticias/musica/rosalia-estrena-fucking-money-man-tema-dividido-dos-cantado-catalan-castellano_201907035d1cd7bc0cf25903f11f1a4b.html"
3263,Which Bard subclass was included in the 2022 Expert Classes Unearthed Arcana for Dungeons & Dragons?,College of Lore,Video games,Other,False,False,"https://media.dndbeyond.com/compendium-images/one-dnd/expert-classes/kpx0MvyfBGHe0XKk/UA2022-Expert-Classes.pdf,https://media.dndbeyond.com/compendium-images/one-dnd/expert-classes/kpx0MvyfBGHe0XKk/UA2022-Expert-Classes.pdf?icid_source=house-ads&icid_medium=crosspromo&icid_campaign=playtest2,https://thekindgm.com/2022/10/19/unearthed-arcana-2022-expert-classes-analysis/,https://www.tribality.com/2022/09/30/unearthed-arcana-2022-expert-classes-breakdown/"
3278,"What is the chemical formula of atogepant, a class of medications called calcitonin gene-related peptide receptor antagonists?",C29H23F6N5O3,Science and technology,Other,False,False,"https://pubchem.ncbi.nlm.nih.gov/compound/Atogepant,https://go.drugbank.com/drugs/DB16098,https://en.wikipedia.org/wiki/Atogepant"
3289,How many days was Dev Shumsher Jung Bahadur Rana prime minister?,114 (acceptable range: anything between 113 and 115),Politics,Number,False,True,"https://en.wikipedia.org/wiki/Dev_Shumsher_Jung_Bahadur_Rana,https://itihasaa.com/ranas/dev-shumsher/,https://www.np.emb-japan.go.jp/100th/pio1.html"
3290,In what year was the beetle species Glipa andamana described?,1941,Science and technology,Date,False,False,"https://en.wikipedia.org/wiki/Glipa_andamana,https://www.irmng.org/aphia.php?p=taxdetails&id=1216691"
3391,What is the PubChem CID of Rimegepant?,51049968,Science and technology,Other,False,False,"https://en.wikipedia.org/wiki/Rimegepant,https://pubchem.ncbi.nlm.nih.gov/substance/254741624,https://pubchem.ncbi.nlm.nih.gov/compound/51049968"
3415,"Who was the grandfather of the 14th Chief Justice of India, A.N. Ray?",Dr. Debendra Nath Ray,Politics,Person,False,False,"https://www.sci.gov.in/judge/justice-a-n-ray/,https://web.archive.org/web/20090409224539/http://www.supremecourtofindia.nic.in/judges/bio/anray.htm"
3448,Who was the first principal of Mayo College in India?,Colonel Sir Oliver St John,History,Person,False,False,"https://mayocollegeboys.weebly.com/about-mayo.html,https://mayoalumni.in/about-mayo,https://en.wikipedia.org/wiki/Mayo_College"
3553,What is the surname of the judge who led the Election Tribunal that nullified Chris Ngige's 2003 Anambra governorship victory in August 2006?,Nabaruma,Politics,Person,False,False,"https://en.wikipedia.org/wiki/Chris_Ngige,https://www.vanguardngr.com/2020/05/the-death-of-justice-nabaruma-and-other-matters/"
3555,Where was the first B.A.S.S. Bassmaster Tournament held?,Lake Mead,Sports,Place,False,False,"https://en.wikipedia.org/wiki/Bassmaster_Classic,https://www.espn.com/outdoors/bassmaster/about/news/story?page=bass_history,https://www.bassmaster.com/50th-anniversary-of-b-a-s-s/news/b-a-s-s-historical-timeline/"
3564,Which U.S. president was the last one to be born in the 18th century?,James Buchanan,Politics,Person,False,False,"https://en.wikipedia.org/wiki/James_Buchanan,https://millercenter.org/president/buchanan/life-before-the-presidency,https://www.loriferber.com/research/presidential-facts-statistics/presidential-birthdates.html"
3646,How many concurrent FM synthesis channels (voices) can the Yamaha YM2203 from the 1980s handle?,3,Science and technology,Number,False,False,"https://en.wikipedia.org/wiki/Yamaha_YM2203,https://forums.atariage.com/topic/342130-triym-ym2203-fm-ym2149-comp-soundcard/,https://alchetron.com/Yamaha-YM2203"
3669,In which city in India is the flyover bridge named after Sam Manekshaw?,Ahmedabad,Geography,Place,False,False,"https://timesofindia.indiatimes.com/city/ahmedabad/flyover-to-be-named-after-sam-manekshaw/articleshow/3625431.cms,https://en.wikipedia.org/wiki/Sam_Manekshaw,https://deshgujarat.com/2008/09/11/modis-choiceflyover-in-ahmedabad-to-be-named-after-sam-manekshaw/"
3704,What man helped FitzGerald secure a pension for Oliver Heaviside in 1896?,John Perry,Science and technology,Person,False,False,"https://www.geni.com/people/Oliver-Heaviside/6000000043201196679,https://en.wikipedia.org/wiki/Oliver_Heaviside,https://www.worldradiohistory.com/Archive-ITT/20s/ITT-Vol-07-1928-02.pdf,https://www.microwavejournal.com/articles/6572-twenty-three-years-the-acceptance-of-maxwell-s-theory"
3737,"What is the name of the university where Michaela Hübschle (born as Michaela Kuntze), a Namibian politician and former Deputy Minister for Prisons and Correctional Services, first studied after attending school in her hometown?",University of Pretoria,Politics,Place,False,False,"https://www.celebsagewiki.com/michaela-huebschle,https://en.wikipedia.org/wiki/Michaela_H%C3%BCbschle,https://na.linkedin.com/in/michaela-hübschle-80129b249"
3771,"What is the UNII of Axitinib, a small-molecule tyrosine kinase inhibitor developed by Pfizer?",C9LVQ0YUXG,Science and technology,Other,False,False,"https://en.wikipedia.org/wiki/Axitinib,https://precision.fda.gov/uniisearch/srs/unii/C9LVQ0YUXG,https://pubchem.ncbi.nlm.nih.gov/compound/Axitinib"
3796,How many kilometers is Lolab Valley in Kupwara district from Bandipore via Aloosa village?,30 kilometers (acceptable range: anything between 29 and 31 kilometers),Geography,Number,True,True,"https://en.wikipedia.org/wiki/Bandipore,https://bandipore.nic.in/about-district/,https://www.jatland.com/home/Bandipora"
3814,On what radio show was a laugh track first used?,The Bing Crosby – Chesterfield Show,TV shows,Other,False,False,"https://daily.jstor.org/the-laugh-track-loathe-it-or-love-it/,https://www.videomaker.com/how-to/directing/film-history/the-history-of-the-laugh-track/,https://en.wikipedia.org/wiki/Laugh_track"
3919,"On which album was the song ""The River"" by Nomeansno first released?","""Why Do They Call Me Mr. Happy?""",Music,Other,False,False,"https://rateyourmusic.com/release/album/nomeansno/why-do-they-call-me-mr-happy/,https://genius.com/Nomeansno-the-river-lyrics,https://en.wikipedia.org/wiki/Why_Do_They_Call_Me_Mr._Happy%3F"
3955,What was the name of the journal that Gloria Niemeyer Francke was the associate editor of from 1944 to 1964?,American Journal of Hospital Pharmacy,Other,Other,False,False,"https://getsol.app/profile/Gloria-Niemeyer-Francke-1922,https://en.wikipedia.org/wiki/Gloria_Niemeyer_Francke"
4118,What was the name of the company that sponsored BraviSEAmo! at Tokyo DisneySea from 2004 to 2010?,NTT DoCoMo,Other,Other,False,False,"https://en.wikipedia.org/wiki/BraviSEAmo!,http://glouproductions.com/tokyo_disney_sea.html,https://triplydb.com/DBpedia-association/snapshot-2021-06/browser?resource=http%3A%2F%2Fdbpedia.org%2Fresource%2FBraviSEAmo%21"
4149,What opera did Walt Whitman and Peter Doyle travel to New York to see in May of 1870?,Poliuto,Music,Other,False,False,"https://whitman-prod.unl.edu/criticism/current/anc.00155.html,https://en.wikipedia.org/wiki/Peter_Doyle_(transit_worker),https://whitmanarchive.org/item/anc.00155"
4188,"While Henri d'Angoulême served as the governor of Provence, who was his secretary?",François de Malherbe.,History,Person,False,False,"https://en.wikipedia.org/wiki/Henri_d'Angoulême,https://en.wikipedia.org/wiki/Henri_d%27Angoul%C3%AAme,https://en.wikipedia.org/wiki/Fran%C3%A7ois_de_Malherbe,https://www.britannica.com/biography/Francois-de-Malherbe"
4227,"How much (in USD) was Frida's self-portrait with loose hair sold for in an auction by Christie's, New York, in May of 1991?",1.65 million USD (acceptable range: anything between 1.6 million and 1.7 million USD),Art,Number,False,False,"https://www.fridakahlo.org/self-portrait-with-loose-hair.jsp,https://www.kahlo.org/self-portrait-with-loose-hair/,https://www.artspace.com/magazine/art_101/book_report/phaidon-going-once-auction-record-breakers-54348"
4245,Who lent Salvador Dalí a villa for several months in 1938 so he could work?,Gabrielle Coco Chanel,Art,Person,False,False,"https://www.chanel.com/us/about-chanel/the-founder/,https://www.theartstory.org/artist/dali-salvador/,https://www.fairheadfineart.com/biographies/salvador-dali,https://en.wikipedia.org/wiki/Salvador_Dal%C3%AD"
4251,What is the signature frequency of a healthy human body in MHz according to Heidi Yellen in 2003?,100 MHz (acceptable range: anything between 99 and 101 MHz),Science and technology,Number,False,False,"https://modernsaintliving.com/2022/02/17/wool-linen-energetic-incompatibility/,https://empoweredsustenance.com/frequency-of-fabric/,https://www.farawear.ca/blog-2-1/blog-frequency-fabric"
4265,"What is the title of the song after which Lady Annabel Goldsmith, the famous English socialite, was named?","""Miss Annabel Lee""",Music,Other,True,False,"https://en.wikipedia.org/wiki/Lady_Annabel_Goldsmith,https://www.thesteepletimes.com/the-roll-call/lady-annabel-goldsmith/"
